[{"name":"abstract class AppContextRequestBroadcastReceiverBase : BroadcastReceiver","description":"com.microsoft.crossdevicesdk.continuity.AppContextRequestBroadcastReceiverBase","location":"continuity/com.microsoft.crossdevicesdk.continuity/-app-context-request-broadcast-receiver-base/index.html","searchKeys":["AppContextRequestBroadcastReceiverBase","abstract class AppContextRequestBroadcastReceiverBase : BroadcastReceiver","com.microsoft.crossdevicesdk.continuity.AppContextRequestBroadcastReceiverBase"]},{"name":"abstract fun onContextRequestReceived(context: Context, request: AppContextRequest)","description":"com.microsoft.crossdevicesdk.continuity.AppContextRequestBroadcastReceiverBase.onContextRequestReceived","location":"continuity/com.microsoft.crossdevicesdk.continuity/-app-context-request-broadcast-receiver-base/on-context-request-received.html","searchKeys":["onContextRequestReceived","abstract fun onContextRequestReceived(context: Context, request: AppContextRequest)","com.microsoft.crossdevicesdk.continuity.AppContextRequestBroadcastReceiverBase.onContextRequestReceived"]},{"name":"abstract fun onContextRequestReceived(contextRequestInfo: ContextRequestInfo)","description":"com.microsoft.crossdevicesdk.continuity.IAppContextEventHandler.onContextRequestReceived","location":"continuity/com.microsoft.crossdevicesdk.continuity/-i-app-context-event-handler/on-context-request-received.html","searchKeys":["onContextRequestReceived","abstract fun onContextRequestReceived(contextRequestInfo: ContextRequestInfo)","com.microsoft.crossdevicesdk.continuity.IAppContextEventHandler.onContextRequestReceived"]},{"name":"abstract fun onContextResponseError(response: AppContextResponse, throwable: Throwable)","description":"com.microsoft.crossdevicesdk.continuity.IAppContextProviderResponse.onContextResponseError","location":"continuity/com.microsoft.crossdevicesdk.continuity/-i-app-context-provider-response/on-context-response-error.html","searchKeys":["onContextResponseError","abstract fun onContextResponseError(response: AppContextResponse, throwable: Throwable)","com.microsoft.crossdevicesdk.continuity.IAppContextProviderResponse.onContextResponseError"]},{"name":"abstract fun onContextResponseSuccess(response: AppContextResponse, responseUri: Uri)","description":"com.microsoft.crossdevicesdk.continuity.IAppContextProviderResponse.onContextResponseSuccess","location":"continuity/com.microsoft.crossdevicesdk.continuity/-i-app-context-provider-response/on-context-response-success.html","searchKeys":["onContextResponseSuccess","abstract fun onContextResponseSuccess(response: AppContextResponse, responseUri: Uri)","com.microsoft.crossdevicesdk.continuity.IAppContextProviderResponse.onContextResponseSuccess"]},{"name":"abstract fun onInvalidContextRequestReceived(context: Context, throwable: Throwable)","description":"com.microsoft.crossdevicesdk.continuity.AppContextRequestBroadcastReceiverBase.onInvalidContextRequestReceived","location":"continuity/com.microsoft.crossdevicesdk.continuity/-app-context-request-broadcast-receiver-base/on-invalid-context-request-received.html","searchKeys":["onInvalidContextRequestReceived","abstract fun onInvalidContextRequestReceived(context: Context, throwable: Throwable)","com.microsoft.crossdevicesdk.continuity.AppContextRequestBroadcastReceiverBase.onInvalidContextRequestReceived"]},{"name":"abstract fun onInvalidContextRequestReceived(throwable: Throwable)","description":"com.microsoft.crossdevicesdk.continuity.IAppContextEventHandler.onInvalidContextRequestReceived","location":"continuity/com.microsoft.crossdevicesdk.continuity/-i-app-context-event-handler/on-invalid-context-request-received.html","searchKeys":["onInvalidContextRequestReceived","abstract fun onInvalidContextRequestReceived(throwable: Throwable)","com.microsoft.crossdevicesdk.continuity.IAppContextEventHandler.onInvalidContextRequestReceived"]},{"name":"abstract fun onSyncServiceDisconnected()","description":"com.microsoft.crossdevicesdk.continuity.AppContextRequestBroadcastReceiverBase.onSyncServiceDisconnected","location":"continuity/com.microsoft.crossdevicesdk.continuity/-app-context-request-broadcast-receiver-base/on-sync-service-disconnected.html","searchKeys":["onSyncServiceDisconnected","abstract fun onSyncServiceDisconnected()","com.microsoft.crossdevicesdk.continuity.AppContextRequestBroadcastReceiverBase.onSyncServiceDisconnected"]},{"name":"abstract fun onSyncServiceDisconnected()","description":"com.microsoft.crossdevicesdk.continuity.IAppContextEventHandler.onSyncServiceDisconnected","location":"continuity/com.microsoft.crossdevicesdk.continuity/-i-app-context-event-handler/on-sync-service-disconnected.html","searchKeys":["onSyncServiceDisconnected","abstract fun onSyncServiceDisconnected()","com.microsoft.crossdevicesdk.continuity.IAppContextEventHandler.onSyncServiceDisconnected"]},{"name":"class AppContext","description":"com.microsoft.crossdevicesdk.continuity.AppContext","location":"continuity/com.microsoft.crossdevicesdk.continuity/-app-context/index.html","searchKeys":["AppContext","class AppContext","com.microsoft.crossdevicesdk.continuity.AppContext"]},{"name":"class AppContextBroadcastReceiver : BroadcastReceiver","description":"com.microsoft.crossdevicesdk.continuity.AppContextBroadcastReceiver","location":"continuity/com.microsoft.crossdevicesdk.continuity/-app-context-broadcast-receiver/index.html","searchKeys":["AppContextBroadcastReceiver","class AppContextBroadcastReceiver : BroadcastReceiver","com.microsoft.crossdevicesdk.continuity.AppContextBroadcastReceiver"]},{"name":"class AppContextRequest","description":"com.microsoft.crossdevicesdk.continuity.AppContextRequest","location":"continuity/com.microsoft.crossdevicesdk.continuity/-app-context-request/index.html","searchKeys":["AppContextRequest","class AppContextRequest","com.microsoft.crossdevicesdk.continuity.AppContextRequest"]},{"name":"class AppContextResponse","description":"com.microsoft.crossdevicesdk.continuity.AppContextResponse","location":"continuity/com.microsoft.crossdevicesdk.continuity/-app-context-response/index.html","searchKeys":["AppContextResponse","class AppContextResponse","com.microsoft.crossdevicesdk.continuity.AppContextResponse"]},{"name":"class AppContextResponseProvider(appContext: Context)","description":"com.microsoft.crossdevicesdk.continuity.AppContextResponseProvider","location":"continuity/com.microsoft.crossdevicesdk.continuity/-app-context-response-provider/index.html","searchKeys":["AppContextResponseProvider","class AppContextResponseProvider(appContext: Context)","com.microsoft.crossdevicesdk.continuity.AppContextResponseProvider"]},{"name":"class BrowserHistoryContext","description":"com.microsoft.crossdevicesdk.continuity.BrowserHistoryContext","location":"continuity/com.microsoft.crossdevicesdk.continuity/-browser-history-context/index.html","searchKeys":["BrowserHistoryContext","class BrowserHistoryContext","com.microsoft.crossdevicesdk.continuity.BrowserHistoryContext"]},{"name":"class ContextRequestInfo","description":"com.microsoft.crossdevicesdk.continuity.ContextRequestInfo","location":"continuity/com.microsoft.crossdevicesdk.continuity/-context-request-info/index.html","searchKeys":["ContextRequestInfo","class ContextRequestInfo","com.microsoft.crossdevicesdk.continuity.ContextRequestInfo"]},{"name":"const val APPCONTEXT_APP_ID_KEY: String","description":"com.microsoft.crossdevicesdk.continuity.ProtocolConstants.APPCONTEXT_APP_ID_KEY","location":"continuity/com.microsoft.crossdevicesdk.continuity/-protocol-constants/-a-p-p-c-o-n-t-e-x-t_-a-p-p_-i-d_-k-e-y.html","searchKeys":["APPCONTEXT_APP_ID_KEY","const val APPCONTEXT_APP_ID_KEY: String","com.microsoft.crossdevicesdk.continuity.ProtocolConstants.APPCONTEXT_APP_ID_KEY"]},{"name":"const val APPCONTEXT_BROWSER_FAVICON_KEY: String","description":"com.microsoft.crossdevicesdk.continuity.ProtocolConstants.APPCONTEXT_BROWSER_FAVICON_KEY","location":"continuity/com.microsoft.crossdevicesdk.continuity/-protocol-constants/-a-p-p-c-o-n-t-e-x-t_-b-r-o-w-s-e-r_-f-a-v-i-c-o-n_-k-e-y.html","searchKeys":["APPCONTEXT_BROWSER_FAVICON_KEY","const val APPCONTEXT_BROWSER_FAVICON_KEY: String","com.microsoft.crossdevicesdk.continuity.ProtocolConstants.APPCONTEXT_BROWSER_FAVICON_KEY"]},{"name":"const val APPCONTEXT_BROWSER_HISTORY_EMPTY_KEY: String","description":"com.microsoft.crossdevicesdk.continuity.ProtocolConstants.APPCONTEXT_BROWSER_HISTORY_EMPTY_KEY","location":"continuity/com.microsoft.crossdevicesdk.continuity/-protocol-constants/-a-p-p-c-o-n-t-e-x-t_-b-r-o-w-s-e-r_-h-i-s-t-o-r-y_-e-m-p-t-y_-k-e-y.html","searchKeys":["APPCONTEXT_BROWSER_HISTORY_EMPTY_KEY","const val APPCONTEXT_BROWSER_HISTORY_EMPTY_KEY: String","com.microsoft.crossdevicesdk.continuity.ProtocolConstants.APPCONTEXT_BROWSER_HISTORY_EMPTY_KEY"]},{"name":"const val APPCONTEXT_BROWSER_HISTORY_KEY: String","description":"com.microsoft.crossdevicesdk.continuity.ProtocolConstants.APPCONTEXT_BROWSER_HISTORY_KEY","location":"continuity/com.microsoft.crossdevicesdk.continuity/-protocol-constants/-a-p-p-c-o-n-t-e-x-t_-b-r-o-w-s-e-r_-h-i-s-t-o-r-y_-k-e-y.html","searchKeys":["APPCONTEXT_BROWSER_HISTORY_KEY","const val APPCONTEXT_BROWSER_HISTORY_KEY: String","com.microsoft.crossdevicesdk.continuity.ProtocolConstants.APPCONTEXT_BROWSER_HISTORY_KEY"]},{"name":"const val APPCONTEXT_BROWSER_TIMESTAMP_KEY: String","description":"com.microsoft.crossdevicesdk.continuity.ProtocolConstants.APPCONTEXT_BROWSER_TIMESTAMP_KEY","location":"continuity/com.microsoft.crossdevicesdk.continuity/-protocol-constants/-a-p-p-c-o-n-t-e-x-t_-b-r-o-w-s-e-r_-t-i-m-e-s-t-a-m-p_-k-e-y.html","searchKeys":["APPCONTEXT_BROWSER_TIMESTAMP_KEY","const val APPCONTEXT_BROWSER_TIMESTAMP_KEY: String","com.microsoft.crossdevicesdk.continuity.ProtocolConstants.APPCONTEXT_BROWSER_TIMESTAMP_KEY"]},{"name":"const val APPCONTEXT_BROWSER_TITLE_KEY: String","description":"com.microsoft.crossdevicesdk.continuity.ProtocolConstants.APPCONTEXT_BROWSER_TITLE_KEY","location":"continuity/com.microsoft.crossdevicesdk.continuity/-protocol-constants/-a-p-p-c-o-n-t-e-x-t_-b-r-o-w-s-e-r_-t-i-t-l-e_-k-e-y.html","searchKeys":["APPCONTEXT_BROWSER_TITLE_KEY","const val APPCONTEXT_BROWSER_TITLE_KEY: String","com.microsoft.crossdevicesdk.continuity.ProtocolConstants.APPCONTEXT_BROWSER_TITLE_KEY"]},{"name":"const val APPCONTEXT_BROWSER_WEB_URI_KEY: String","description":"com.microsoft.crossdevicesdk.continuity.ProtocolConstants.APPCONTEXT_BROWSER_WEB_URI_KEY","location":"continuity/com.microsoft.crossdevicesdk.continuity/-protocol-constants/-a-p-p-c-o-n-t-e-x-t_-b-r-o-w-s-e-r_-w-e-b_-u-r-i_-k-e-y.html","searchKeys":["APPCONTEXT_BROWSER_WEB_URI_KEY","const val APPCONTEXT_BROWSER_WEB_URI_KEY: String","com.microsoft.crossdevicesdk.continuity.ProtocolConstants.APPCONTEXT_BROWSER_WEB_URI_KEY"]},{"name":"const val APPCONTEXT_CONTEXT_ID_KEY: String","description":"com.microsoft.crossdevicesdk.continuity.ProtocolConstants.APPCONTEXT_CONTEXT_ID_KEY","location":"continuity/com.microsoft.crossdevicesdk.continuity/-protocol-constants/-a-p-p-c-o-n-t-e-x-t_-c-o-n-t-e-x-t_-i-d_-k-e-y.html","searchKeys":["APPCONTEXT_CONTEXT_ID_KEY","const val APPCONTEXT_CONTEXT_ID_KEY: String","com.microsoft.crossdevicesdk.continuity.ProtocolConstants.APPCONTEXT_CONTEXT_ID_KEY"]},{"name":"const val APPCONTEXT_CREATE_TIME_KEY: String","description":"com.microsoft.crossdevicesdk.continuity.ProtocolConstants.APPCONTEXT_CREATE_TIME_KEY","location":"continuity/com.microsoft.crossdevicesdk.continuity/-protocol-constants/-a-p-p-c-o-n-t-e-x-t_-c-r-e-a-t-e_-t-i-m-e_-k-e-y.html","searchKeys":["APPCONTEXT_CREATE_TIME_KEY","const val APPCONTEXT_CREATE_TIME_KEY: String","com.microsoft.crossdevicesdk.continuity.ProtocolConstants.APPCONTEXT_CREATE_TIME_KEY"]},{"name":"const val APPCONTEXT_EXTRAS_KEY: String","description":"com.microsoft.crossdevicesdk.continuity.ProtocolConstants.APPCONTEXT_EXTRAS_KEY","location":"continuity/com.microsoft.crossdevicesdk.continuity/-protocol-constants/-a-p-p-c-o-n-t-e-x-t_-e-x-t-r-a-s_-k-e-y.html","searchKeys":["APPCONTEXT_EXTRAS_KEY","const val APPCONTEXT_EXTRAS_KEY: String","com.microsoft.crossdevicesdk.continuity.ProtocolConstants.APPCONTEXT_EXTRAS_KEY"]},{"name":"const val APPCONTEXT_INTENT_URL_KEY: String","description":"com.microsoft.crossdevicesdk.continuity.ProtocolConstants.APPCONTEXT_INTENT_URL_KEY","location":"continuity/com.microsoft.crossdevicesdk.continuity/-protocol-constants/-a-p-p-c-o-n-t-e-x-t_-i-n-t-e-n-t_-u-r-l_-k-e-y.html","searchKeys":["APPCONTEXT_INTENT_URL_KEY","const val APPCONTEXT_INTENT_URL_KEY: String","com.microsoft.crossdevicesdk.continuity.ProtocolConstants.APPCONTEXT_INTENT_URL_KEY"]},{"name":"const val APPCONTEXT_LAST_UPDATED_TIME_KEY: String","description":"com.microsoft.crossdevicesdk.continuity.ProtocolConstants.APPCONTEXT_LAST_UPDATED_TIME_KEY","location":"continuity/com.microsoft.crossdevicesdk.continuity/-protocol-constants/-a-p-p-c-o-n-t-e-x-t_-l-a-s-t_-u-p-d-a-t-e-d_-t-i-m-e_-k-e-y.html","searchKeys":["APPCONTEXT_LAST_UPDATED_TIME_KEY","const val APPCONTEXT_LAST_UPDATED_TIME_KEY: String","com.microsoft.crossdevicesdk.continuity.ProtocolConstants.APPCONTEXT_LAST_UPDATED_TIME_KEY"]},{"name":"const val APPCONTEXT_LIFE_TIME_KEY: String","description":"com.microsoft.crossdevicesdk.continuity.ProtocolConstants.APPCONTEXT_LIFE_TIME_KEY","location":"continuity/com.microsoft.crossdevicesdk.continuity/-protocol-constants/-a-p-p-c-o-n-t-e-x-t_-l-i-f-e_-t-i-m-e_-k-e-y.html","searchKeys":["APPCONTEXT_LIFE_TIME_KEY","const val APPCONTEXT_LIFE_TIME_KEY: String","com.microsoft.crossdevicesdk.continuity.ProtocolConstants.APPCONTEXT_LIFE_TIME_KEY"]},{"name":"const val APPCONTEXT_PREVIEW_KEY: String","description":"com.microsoft.crossdevicesdk.continuity.ProtocolConstants.APPCONTEXT_PREVIEW_KEY","location":"continuity/com.microsoft.crossdevicesdk.continuity/-protocol-constants/-a-p-p-c-o-n-t-e-x-t_-p-r-e-v-i-e-w_-k-e-y.html","searchKeys":["APPCONTEXT_PREVIEW_KEY","const val APPCONTEXT_PREVIEW_KEY: String","com.microsoft.crossdevicesdk.continuity.ProtocolConstants.APPCONTEXT_PREVIEW_KEY"]},{"name":"const val APPCONTEXT_REQUEST_CONTENTPROVIDER_URI_KEY: String","description":"com.microsoft.crossdevicesdk.continuity.ProtocolConstants.APPCONTEXT_REQUEST_CONTENTPROVIDER_URI_KEY","location":"continuity/com.microsoft.crossdevicesdk.continuity/-protocol-constants/-a-p-p-c-o-n-t-e-x-t_-r-e-q-u-e-s-t_-c-o-n-t-e-n-t-p-r-o-v-i-d-e-r_-u-r-i_-k-e-y.html","searchKeys":["APPCONTEXT_REQUEST_CONTENTPROVIDER_URI_KEY","const val APPCONTEXT_REQUEST_CONTENTPROVIDER_URI_KEY: String","com.microsoft.crossdevicesdk.continuity.ProtocolConstants.APPCONTEXT_REQUEST_CONTENTPROVIDER_URI_KEY"]},{"name":"const val APPCONTEXT_TEAM_ID_KEY: String","description":"com.microsoft.crossdevicesdk.continuity.ProtocolConstants.APPCONTEXT_TEAM_ID_KEY","location":"continuity/com.microsoft.crossdevicesdk.continuity/-protocol-constants/-a-p-p-c-o-n-t-e-x-t_-t-e-a-m_-i-d_-k-e-y.html","searchKeys":["APPCONTEXT_TEAM_ID_KEY","const val APPCONTEXT_TEAM_ID_KEY: String","com.microsoft.crossdevicesdk.continuity.ProtocolConstants.APPCONTEXT_TEAM_ID_KEY"]},{"name":"const val APPCONTEXT_TITLE_KEY: String","description":"com.microsoft.crossdevicesdk.continuity.ProtocolConstants.APPCONTEXT_TITLE_KEY","location":"continuity/com.microsoft.crossdevicesdk.continuity/-protocol-constants/-a-p-p-c-o-n-t-e-x-t_-t-i-t-l-e_-k-e-y.html","searchKeys":["APPCONTEXT_TITLE_KEY","const val APPCONTEXT_TITLE_KEY: String","com.microsoft.crossdevicesdk.continuity.ProtocolConstants.APPCONTEXT_TITLE_KEY"]},{"name":"const val APPCONTEXT_TYPE_KEY: String","description":"com.microsoft.crossdevicesdk.continuity.ProtocolConstants.APPCONTEXT_TYPE_KEY","location":"continuity/com.microsoft.crossdevicesdk.continuity/-protocol-constants/-a-p-p-c-o-n-t-e-x-t_-t-y-p-e_-k-e-y.html","searchKeys":["APPCONTEXT_TYPE_KEY","const val APPCONTEXT_TYPE_KEY: String","com.microsoft.crossdevicesdk.continuity.ProtocolConstants.APPCONTEXT_TYPE_KEY"]},{"name":"const val APPCONTEXT_VERSION_KEY: String","description":"com.microsoft.crossdevicesdk.continuity.ProtocolConstants.APPCONTEXT_VERSION_KEY","location":"continuity/com.microsoft.crossdevicesdk.continuity/-protocol-constants/-a-p-p-c-o-n-t-e-x-t_-v-e-r-s-i-o-n_-k-e-y.html","searchKeys":["APPCONTEXT_VERSION_KEY","const val APPCONTEXT_VERSION_KEY: String","com.microsoft.crossdevicesdk.continuity.ProtocolConstants.APPCONTEXT_VERSION_KEY"]},{"name":"const val APPCONTEXT_WEBLINK_KEY: String","description":"com.microsoft.crossdevicesdk.continuity.ProtocolConstants.APPCONTEXT_WEBLINK_KEY","location":"continuity/com.microsoft.crossdevicesdk.continuity/-protocol-constants/-a-p-p-c-o-n-t-e-x-t_-w-e-b-l-i-n-k_-k-e-y.html","searchKeys":["APPCONTEXT_WEBLINK_KEY","const val APPCONTEXT_WEBLINK_KEY: String","com.microsoft.crossdevicesdk.continuity.ProtocolConstants.APPCONTEXT_WEBLINK_KEY"]},{"name":"const val APP_CONTEXT_PREF: String","description":"com.microsoft.crossdevicesdk.continuity.ProtocolConstants.APP_CONTEXT_PREF","location":"continuity/com.microsoft.crossdevicesdk.continuity/-protocol-constants/-a-p-p_-c-o-n-t-e-x-t_-p-r-e-f.html","searchKeys":["APP_CONTEXT_PREF","const val APP_CONTEXT_PREF: String","com.microsoft.crossdevicesdk.continuity.ProtocolConstants.APP_CONTEXT_PREF"]},{"name":"const val BROADCAST_INTENT_ACTION_FILTER: String","description":"com.microsoft.crossdevicesdk.continuity.ProtocolConstants.BROADCAST_INTENT_ACTION_FILTER","location":"continuity/com.microsoft.crossdevicesdk.continuity/-protocol-constants/-b-r-o-a-d-c-a-s-t_-i-n-t-e-n-t_-a-c-t-i-o-n_-f-i-l-t-e-r.html","searchKeys":["BROADCAST_INTENT_ACTION_FILTER","const val BROADCAST_INTENT_ACTION_FILTER: String","com.microsoft.crossdevicesdk.continuity.ProtocolConstants.BROADCAST_INTENT_ACTION_FILTER"]},{"name":"const val BROWSER_HISTORY_KEY: String","description":"com.microsoft.crossdevicesdk.continuity.ProtocolConstants.BROWSER_HISTORY_KEY","location":"continuity/com.microsoft.crossdevicesdk.continuity/-protocol-constants/-b-r-o-w-s-e-r_-h-i-s-t-o-r-y_-k-e-y.html","searchKeys":["BROWSER_HISTORY_KEY","const val BROWSER_HISTORY_KEY: String","com.microsoft.crossdevicesdk.continuity.ProtocolConstants.BROWSER_HISTORY_KEY"]},{"name":"const val BROWSER_HISTORY_LIST_MAX_SIZE: Int = 3","description":"com.microsoft.crossdevicesdk.continuity.ProtocolConstants.BROWSER_HISTORY_LIST_MAX_SIZE","location":"continuity/com.microsoft.crossdevicesdk.continuity/-protocol-constants/-b-r-o-w-s-e-r_-h-i-s-t-o-r-y_-l-i-s-t_-m-a-x_-s-i-z-e.html","searchKeys":["BROWSER_HISTORY_LIST_MAX_SIZE","const val BROWSER_HISTORY_LIST_MAX_SIZE: Int = 3","com.microsoft.crossdevicesdk.continuity.ProtocolConstants.BROWSER_HISTORY_LIST_MAX_SIZE"]},{"name":"const val CONNECTION_STATE_CONNECTED: Int = 0","description":"com.microsoft.crossdevicesdk.continuity.ProtocolConstants.CONNECTION_STATE_CONNECTED","location":"continuity/com.microsoft.crossdevicesdk.continuity/-protocol-constants/-c-o-n-n-e-c-t-i-o-n_-s-t-a-t-e_-c-o-n-n-e-c-t-e-d.html","searchKeys":["CONNECTION_STATE_CONNECTED","const val CONNECTION_STATE_CONNECTED: Int = 0","com.microsoft.crossdevicesdk.continuity.ProtocolConstants.CONNECTION_STATE_CONNECTED"]},{"name":"const val CONNECTION_STATE_DISCONNECTED: Int = 1","description":"com.microsoft.crossdevicesdk.continuity.ProtocolConstants.CONNECTION_STATE_DISCONNECTED","location":"continuity/com.microsoft.crossdevicesdk.continuity/-protocol-constants/-c-o-n-n-e-c-t-i-o-n_-s-t-a-t-e_-d-i-s-c-o-n-n-e-c-t-e-d.html","searchKeys":["CONNECTION_STATE_DISCONNECTED","const val CONNECTION_STATE_DISCONNECTED: Int = 1","com.microsoft.crossdevicesdk.continuity.ProtocolConstants.CONNECTION_STATE_DISCONNECTED"]},{"name":"const val CONNECTION_STATE_KEY: String","description":"com.microsoft.crossdevicesdk.continuity.ProtocolConstants.CONNECTION_STATE_KEY","location":"continuity/com.microsoft.crossdevicesdk.continuity/-protocol-constants/-c-o-n-n-e-c-t-i-o-n_-s-t-a-t-e_-k-e-y.html","searchKeys":["CONNECTION_STATE_KEY","const val CONNECTION_STATE_KEY: String","com.microsoft.crossdevicesdk.continuity.ProtocolConstants.CONNECTION_STATE_KEY"]},{"name":"const val DEFAULT_PROTOCOL_VERSION: Double = 2.0","description":"com.microsoft.crossdevicesdk.continuity.ProtocolConstants.DEFAULT_PROTOCOL_VERSION","location":"continuity/com.microsoft.crossdevicesdk.continuity/-protocol-constants/-d-e-f-a-u-l-t_-p-r-o-t-o-c-o-l_-v-e-r-s-i-o-n.html","searchKeys":["DEFAULT_PROTOCOL_VERSION","const val DEFAULT_PROTOCOL_VERSION: Double = 2.0","com.microsoft.crossdevicesdk.continuity.ProtocolConstants.DEFAULT_PROTOCOL_VERSION"]},{"name":"const val DESCRIPTION_KEY: String","description":"com.microsoft.crossdevicesdk.continuity.ProtocolConstants.DESCRIPTION_KEY","location":"continuity/com.microsoft.crossdevicesdk.continuity/-protocol-constants/-d-e-s-c-r-i-p-t-i-o-n_-k-e-y.html","searchKeys":["DESCRIPTION_KEY","const val DESCRIPTION_KEY: String","com.microsoft.crossdevicesdk.continuity.ProtocolConstants.DESCRIPTION_KEY"]},{"name":"const val FLAG_CONTEXT_TYPE_APPLICATION: Int = 1","description":"com.microsoft.crossdevicesdk.continuity.AppContextRequest.Companion.FLAG_CONTEXT_TYPE_APPLICATION","location":"continuity/com.microsoft.crossdevicesdk.continuity/-app-context-request/-companion/-f-l-a-g_-c-o-n-t-e-x-t_-t-y-p-e_-a-p-p-l-i-c-a-t-i-o-n.html","searchKeys":["FLAG_CONTEXT_TYPE_APPLICATION","const val FLAG_CONTEXT_TYPE_APPLICATION: Int = 1","com.microsoft.crossdevicesdk.continuity.AppContextRequest.Companion.FLAG_CONTEXT_TYPE_APPLICATION"]},{"name":"const val FLAG_CONTEXT_TYPE_BROWSER_HISTORY: Int = 2","description":"com.microsoft.crossdevicesdk.continuity.AppContextRequest.Companion.FLAG_CONTEXT_TYPE_BROWSER_HISTORY","location":"continuity/com.microsoft.crossdevicesdk.continuity/-app-context-request/-companion/-f-l-a-g_-c-o-n-t-e-x-t_-t-y-p-e_-b-r-o-w-s-e-r_-h-i-s-t-o-r-y.html","searchKeys":["FLAG_CONTEXT_TYPE_BROWSER_HISTORY","const val FLAG_CONTEXT_TYPE_BROWSER_HISTORY: Int = 2","com.microsoft.crossdevicesdk.continuity.AppContextRequest.Companion.FLAG_CONTEXT_TYPE_BROWSER_HISTORY"]},{"name":"const val FLAG_CONTEXT_URI_TYPE_WEB: Int = 1","description":"com.microsoft.crossdevicesdk.continuity.AppContextRequest.Companion.FLAG_CONTEXT_URI_TYPE_WEB","location":"continuity/com.microsoft.crossdevicesdk.continuity/-app-context-request/-companion/-f-l-a-g_-c-o-n-t-e-x-t_-u-r-i_-t-y-p-e_-w-e-b.html","searchKeys":["FLAG_CONTEXT_URI_TYPE_WEB","const val FLAG_CONTEXT_URI_TYPE_WEB: Int = 1","com.microsoft.crossdevicesdk.continuity.AppContextRequest.Companion.FLAG_CONTEXT_URI_TYPE_WEB"]},{"name":"const val FLAG_CONTEXT_URI_TYPE_WINDOWS: Int = 2","description":"com.microsoft.crossdevicesdk.continuity.AppContextRequest.Companion.FLAG_CONTEXT_URI_TYPE_WINDOWS","location":"continuity/com.microsoft.crossdevicesdk.continuity/-app-context-request/-companion/-f-l-a-g_-c-o-n-t-e-x-t_-u-r-i_-t-y-p-e_-w-i-n-d-o-w-s.html","searchKeys":["FLAG_CONTEXT_URI_TYPE_WINDOWS","const val FLAG_CONTEXT_URI_TYPE_WINDOWS: Int = 2","com.microsoft.crossdevicesdk.continuity.AppContextRequest.Companion.FLAG_CONTEXT_URI_TYPE_WINDOWS"]},{"name":"const val KEY_CONTENT_PROVIDER_URI: String","description":"com.microsoft.crossdevicesdk.continuity.ProtocolConstants.KEY_CONTENT_PROVIDER_URI","location":"continuity/com.microsoft.crossdevicesdk.continuity/-protocol-constants/-k-e-y_-c-o-n-t-e-n-t_-p-r-o-v-i-d-e-r_-u-r-i.html","searchKeys":["KEY_CONTENT_PROVIDER_URI","const val KEY_CONTENT_PROVIDER_URI: String","com.microsoft.crossdevicesdk.continuity.ProtocolConstants.KEY_CONTENT_PROVIDER_URI"]},{"name":"const val KEY_REQUESTED_CONTEXT_TYPE: String","description":"com.microsoft.crossdevicesdk.continuity.ProtocolConstants.KEY_REQUESTED_CONTEXT_TYPE","location":"continuity/com.microsoft.crossdevicesdk.continuity/-protocol-constants/-k-e-y_-r-e-q-u-e-s-t-e-d_-c-o-n-t-e-x-t_-t-y-p-e.html","searchKeys":["KEY_REQUESTED_CONTEXT_TYPE","const val KEY_REQUESTED_CONTEXT_TYPE: String","com.microsoft.crossdevicesdk.continuity.ProtocolConstants.KEY_REQUESTED_CONTEXT_TYPE"]},{"name":"const val KEY_REQUESTED_PACKAGES: String","description":"com.microsoft.crossdevicesdk.continuity.ProtocolConstants.KEY_REQUESTED_PACKAGES","location":"continuity/com.microsoft.crossdevicesdk.continuity/-protocol-constants/-k-e-y_-r-e-q-u-e-s-t-e-d_-p-a-c-k-a-g-e-s.html","searchKeys":["KEY_REQUESTED_PACKAGES","const val KEY_REQUESTED_PACKAGES: String","com.microsoft.crossdevicesdk.continuity.ProtocolConstants.KEY_REQUESTED_PACKAGES"]},{"name":"const val KEY_URI_TYPES: String","description":"com.microsoft.crossdevicesdk.continuity.ProtocolConstants.KEY_URI_TYPES","location":"continuity/com.microsoft.crossdevicesdk.continuity/-protocol-constants/-k-e-y_-u-r-i_-t-y-p-e-s.html","searchKeys":["KEY_URI_TYPES","const val KEY_URI_TYPES: String","com.microsoft.crossdevicesdk.continuity.ProtocolConstants.KEY_URI_TYPES"]},{"name":"const val KEY_VERSION: String","description":"com.microsoft.crossdevicesdk.continuity.ProtocolConstants.KEY_VERSION","location":"continuity/com.microsoft.crossdevicesdk.continuity/-protocol-constants/-k-e-y_-v-e-r-s-i-o-n.html","searchKeys":["KEY_VERSION","const val KEY_VERSION: String","com.microsoft.crossdevicesdk.continuity.ProtocolConstants.KEY_VERSION"]},{"name":"const val LEGACY_PROTOCOL_VERSION: Double = 1.0","description":"com.microsoft.crossdevicesdk.continuity.ProtocolConstants.LEGACY_PROTOCOL_VERSION","location":"continuity/com.microsoft.crossdevicesdk.continuity/-protocol-constants/-l-e-g-a-c-y_-p-r-o-t-o-c-o-l_-v-e-r-s-i-o-n.html","searchKeys":["LEGACY_PROTOCOL_VERSION","const val LEGACY_PROTOCOL_VERSION: Double = 1.0","com.microsoft.crossdevicesdk.continuity.ProtocolConstants.LEGACY_PROTOCOL_VERSION"]},{"name":"const val LOW_VERSION_KEY_URI_TYPES: String","description":"com.microsoft.crossdevicesdk.continuity.ProtocolConstants.LOW_VERSION_KEY_URI_TYPES","location":"continuity/com.microsoft.crossdevicesdk.continuity/-protocol-constants/-l-o-w_-v-e-r-s-i-o-n_-k-e-y_-u-r-i_-t-y-p-e-s.html","searchKeys":["LOW_VERSION_KEY_URI_TYPES","const val LOW_VERSION_KEY_URI_TYPES: String","com.microsoft.crossdevicesdk.continuity.ProtocolConstants.LOW_VERSION_KEY_URI_TYPES"]},{"name":"const val PACKAGE: String","description":"com.microsoft.crossdevicesdk.continuity.ProtocolConstants.PACKAGE","location":"continuity/com.microsoft.crossdevicesdk.continuity/-protocol-constants/-p-a-c-k-a-g-e.html","searchKeys":["PACKAGE","const val PACKAGE: String","com.microsoft.crossdevicesdk.continuity.ProtocolConstants.PACKAGE"]},{"name":"const val RESPONSE_CONTEXT_TYPE_KEY: String","description":"com.microsoft.crossdevicesdk.continuity.ProtocolConstants.RESPONSE_CONTEXT_TYPE_KEY","location":"continuity/com.microsoft.crossdevicesdk.continuity/-protocol-constants/-r-e-s-p-o-n-s-e_-c-o-n-t-e-x-t_-t-y-p-e_-k-e-y.html","searchKeys":["RESPONSE_CONTEXT_TYPE_KEY","const val RESPONSE_CONTEXT_TYPE_KEY: String","com.microsoft.crossdevicesdk.continuity.ProtocolConstants.RESPONSE_CONTEXT_TYPE_KEY"]},{"name":"const val TASK_ID_KEY: String","description":"com.microsoft.crossdevicesdk.continuity.ProtocolConstants.TASK_ID_KEY","location":"continuity/com.microsoft.crossdevicesdk.continuity/-protocol-constants/-t-a-s-k_-i-d_-k-e-y.html","searchKeys":["TASK_ID_KEY","const val TASK_ID_KEY: String","com.microsoft.crossdevicesdk.continuity.ProtocolConstants.TASK_ID_KEY"]},{"name":"const val TYPE_APPLICATION_CONTEXT: Int = 1","description":"com.microsoft.crossdevicesdk.continuity.ProtocolConstants.TYPE_APPLICATION_CONTEXT","location":"continuity/com.microsoft.crossdevicesdk.continuity/-protocol-constants/-t-y-p-e_-a-p-p-l-i-c-a-t-i-o-n_-c-o-n-t-e-x-t.html","searchKeys":["TYPE_APPLICATION_CONTEXT","const val TYPE_APPLICATION_CONTEXT: Int = 1","com.microsoft.crossdevicesdk.continuity.ProtocolConstants.TYPE_APPLICATION_CONTEXT"]},{"name":"const val TYPE_BROWSER_HISTORY: Int = 2","description":"com.microsoft.crossdevicesdk.continuity.ProtocolConstants.TYPE_BROWSER_HISTORY","location":"continuity/com.microsoft.crossdevicesdk.continuity/-protocol-constants/-t-y-p-e_-b-r-o-w-s-e-r_-h-i-s-t-o-r-y.html","searchKeys":["TYPE_BROWSER_HISTORY","const val TYPE_BROWSER_HISTORY: Int = 2","com.microsoft.crossdevicesdk.continuity.ProtocolConstants.TYPE_BROWSER_HISTORY"]},{"name":"const val USING_LEGACY_MODE: String","description":"com.microsoft.crossdevicesdk.continuity.ProtocolConstants.USING_LEGACY_MODE","location":"continuity/com.microsoft.crossdevicesdk.continuity/-protocol-constants/-u-s-i-n-g_-l-e-g-a-c-y_-m-o-d-e.html","searchKeys":["USING_LEGACY_MODE","const val USING_LEGACY_MODE: String","com.microsoft.crossdevicesdk.continuity.ProtocolConstants.USING_LEGACY_MODE"]},{"name":"const val VALUE_URI_TYPE_WEB: String","description":"com.microsoft.crossdevicesdk.continuity.ProtocolConstants.VALUE_URI_TYPE_WEB","location":"continuity/com.microsoft.crossdevicesdk.continuity/-protocol-constants/-v-a-l-u-e_-u-r-i_-t-y-p-e_-w-e-b.html","searchKeys":["VALUE_URI_TYPE_WEB","const val VALUE_URI_TYPE_WEB: String","com.microsoft.crossdevicesdk.continuity.ProtocolConstants.VALUE_URI_TYPE_WEB"]},{"name":"const val VALUE_URI_TYPE_WINDOWS: String","description":"com.microsoft.crossdevicesdk.continuity.ProtocolConstants.VALUE_URI_TYPE_WINDOWS","location":"continuity/com.microsoft.crossdevicesdk.continuity/-protocol-constants/-v-a-l-u-e_-u-r-i_-t-y-p-e_-w-i-n-d-o-w-s.html","searchKeys":["VALUE_URI_TYPE_WINDOWS","const val VALUE_URI_TYPE_WINDOWS: String","com.microsoft.crossdevicesdk.continuity.ProtocolConstants.VALUE_URI_TYPE_WINDOWS"]},{"name":"const val WEB_URI_KEY: String","description":"com.microsoft.crossdevicesdk.continuity.ProtocolConstants.WEB_URI_KEY","location":"continuity/com.microsoft.crossdevicesdk.continuity/-protocol-constants/-w-e-b_-u-r-i_-k-e-y.html","searchKeys":["WEB_URI_KEY","const val WEB_URI_KEY: String","com.microsoft.crossdevicesdk.continuity.ProtocolConstants.WEB_URI_KEY"]},{"name":"const val WINDOWS_URI_KEY: String","description":"com.microsoft.crossdevicesdk.continuity.ProtocolConstants.WINDOWS_URI_KEY","location":"continuity/com.microsoft.crossdevicesdk.continuity/-protocol-constants/-w-i-n-d-o-w-s_-u-r-i_-k-e-y.html","searchKeys":["WINDOWS_URI_KEY","const val WINDOWS_URI_KEY: String","com.microsoft.crossdevicesdk.continuity.ProtocolConstants.WINDOWS_URI_KEY"]},{"name":"constructor()","description":"com.microsoft.crossdevicesdk.continuity.AppContext.AppContext","location":"continuity/com.microsoft.crossdevicesdk.continuity/-app-context/-app-context.html","searchKeys":["AppContext","constructor()","com.microsoft.crossdevicesdk.continuity.AppContext.AppContext"]},{"name":"constructor()","description":"com.microsoft.crossdevicesdk.continuity.AppContextBroadcastReceiver.AppContextBroadcastReceiver","location":"continuity/com.microsoft.crossdevicesdk.continuity/-app-context-broadcast-receiver/-app-context-broadcast-receiver.html","searchKeys":["AppContextBroadcastReceiver","constructor()","com.microsoft.crossdevicesdk.continuity.AppContextBroadcastReceiver.AppContextBroadcastReceiver"]},{"name":"constructor()","description":"com.microsoft.crossdevicesdk.continuity.AppContextRequestBroadcastReceiverBase.AppContextRequestBroadcastReceiverBase","location":"continuity/com.microsoft.crossdevicesdk.continuity/-app-context-request-broadcast-receiver-base/-app-context-request-broadcast-receiver-base.html","searchKeys":["AppContextRequestBroadcastReceiverBase","constructor()","com.microsoft.crossdevicesdk.continuity.AppContextRequestBroadcastReceiverBase.AppContextRequestBroadcastReceiverBase"]},{"name":"constructor()","description":"com.microsoft.crossdevicesdk.continuity.AppContextResponse.AppContextResponse","location":"continuity/com.microsoft.crossdevicesdk.continuity/-app-context-response/-app-context-response.html","searchKeys":["AppContextResponse","constructor()","com.microsoft.crossdevicesdk.continuity.AppContextResponse.AppContextResponse"]},{"name":"constructor()","description":"com.microsoft.crossdevicesdk.continuity.BrowserHistoryContext.BrowserHistoryContext","location":"continuity/com.microsoft.crossdevicesdk.continuity/-browser-history-context/-browser-history-context.html","searchKeys":["BrowserHistoryContext","constructor()","com.microsoft.crossdevicesdk.continuity.BrowserHistoryContext.BrowserHistoryContext"]},{"name":"constructor()","description":"com.microsoft.crossdevicesdk.continuity.ContextRequestInfo.ContextRequestInfo","location":"continuity/com.microsoft.crossdevicesdk.continuity/-context-request-info/-context-request-info.html","searchKeys":["ContextRequestInfo","constructor()","com.microsoft.crossdevicesdk.continuity.ContextRequestInfo.ContextRequestInfo"]},{"name":"constructor(appContext: Context)","description":"com.microsoft.crossdevicesdk.continuity.AppContextResponseProvider.AppContextResponseProvider","location":"continuity/com.microsoft.crossdevicesdk.continuity/-app-context-response-provider/-app-context-response-provider.html","searchKeys":["AppContextResponseProvider","constructor(appContext: Context)","com.microsoft.crossdevicesdk.continuity.AppContextResponseProvider.AppContextResponseProvider"]},{"name":"fun addBrowserContext(timestamp: Long, webUri: Uri, title: String, favIcon: ByteArray?)","description":"com.microsoft.crossdevicesdk.continuity.AppContextResponse.addBrowserContext","location":"continuity/com.microsoft.crossdevicesdk.continuity/-app-context-response/add-browser-context.html","searchKeys":["addBrowserContext","fun addBrowserContext(timestamp: Long, webUri: Uri, title: String, favIcon: ByteArray?)","com.microsoft.crossdevicesdk.continuity.AppContextResponse.addBrowserContext"]},{"name":"fun addBrowserContext(timestamp: Long, webUri: Uri, title: String, favIcon: ByteArray?)","description":"com.microsoft.crossdevicesdk.continuity.BrowserHistoryContext.addBrowserContext","location":"continuity/com.microsoft.crossdevicesdk.continuity/-browser-history-context/add-browser-context.html","searchKeys":["addBrowserContext","fun addBrowserContext(timestamp: Long, webUri: Uri, title: String, favIcon: ByteArray?)","com.microsoft.crossdevicesdk.continuity.BrowserHistoryContext.addBrowserContext"]},{"name":"fun convertToAppContext(context: Context): AppContext","description":"com.microsoft.crossdevicesdk.continuity.BrowserHistoryContext.convertToAppContext","location":"continuity/com.microsoft.crossdevicesdk.continuity/-browser-history-context/convert-to-app-context.html","searchKeys":["convertToAppContext","fun convertToAppContext(context: Context): AppContext","com.microsoft.crossdevicesdk.continuity.BrowserHistoryContext.convertToAppContext"]},{"name":"fun d(tag: String, msg: String)","description":"com.microsoft.crossdevicesdk.continuity.LogUtils.d","location":"continuity/com.microsoft.crossdevicesdk.continuity/-log-utils/d.html","searchKeys":["d","fun d(tag: String, msg: String)","com.microsoft.crossdevicesdk.continuity.LogUtils.d"]},{"name":"fun e(tag: String, msg: String)","description":"com.microsoft.crossdevicesdk.continuity.LogUtils.e","location":"continuity/com.microsoft.crossdevicesdk.continuity/-log-utils/e.html","searchKeys":["e","fun e(tag: String, msg: String)","com.microsoft.crossdevicesdk.continuity.LogUtils.e"]},{"name":"fun e(tag: String, msg: String, throwable: Throwable)","description":"com.microsoft.crossdevicesdk.continuity.LogUtils.e","location":"continuity/com.microsoft.crossdevicesdk.continuity/-log-utils/e.html","searchKeys":["e","fun e(tag: String, msg: String, throwable: Throwable)","com.microsoft.crossdevicesdk.continuity.LogUtils.e"]},{"name":"fun fromIntent(context: Context, intent: Intent): AppContextRequest","description":"com.microsoft.crossdevicesdk.continuity.AppContextRequest.Companion.fromIntent","location":"continuity/com.microsoft.crossdevicesdk.continuity/-app-context-request/-companion/from-intent.html","searchKeys":["fromIntent","fun fromIntent(context: Context, intent: Intent): AppContextRequest","com.microsoft.crossdevicesdk.continuity.AppContextRequest.Companion.fromIntent"]},{"name":"fun getAppContextEventHandler(): IAppContextEventHandler?","description":"com.microsoft.crossdevicesdk.continuity.AppContextManager.getAppContextEventHandler","location":"continuity/com.microsoft.crossdevicesdk.continuity/-app-context-manager/get-app-context-event-handler.html","searchKeys":["getAppContextEventHandler","fun getAppContextEventHandler(): IAppContextEventHandler?","com.microsoft.crossdevicesdk.continuity.AppContextManager.getAppContextEventHandler"]},{"name":"fun getRequestedPackages(): Set<String>","description":"com.microsoft.crossdevicesdk.continuity.AppContextRequest.getRequestedPackages","location":"continuity/com.microsoft.crossdevicesdk.continuity/-app-context-request/get-requested-packages.html","searchKeys":["getRequestedPackages","fun getRequestedPackages(): Set<String>","com.microsoft.crossdevicesdk.continuity.AppContextRequest.getRequestedPackages"]},{"name":"fun hasAppId(): Boolean","description":"com.microsoft.crossdevicesdk.continuity.AppContext.hasAppId","location":"continuity/com.microsoft.crossdevicesdk.continuity/-app-context/has-app-id.html","searchKeys":["hasAppId","fun hasAppId(): Boolean","com.microsoft.crossdevicesdk.continuity.AppContext.hasAppId"]},{"name":"fun hasLifeTime(): Boolean","description":"com.microsoft.crossdevicesdk.continuity.AppContext.hasLifeTime","location":"continuity/com.microsoft.crossdevicesdk.continuity/-app-context/has-life-time.html","searchKeys":["hasLifeTime","fun hasLifeTime(): Boolean","com.microsoft.crossdevicesdk.continuity.AppContext.hasLifeTime"]},{"name":"fun i(tag: String, msg: String)","description":"com.microsoft.crossdevicesdk.continuity.LogUtils.i","location":"continuity/com.microsoft.crossdevicesdk.continuity/-log-utils/i.html","searchKeys":["i","fun i(tag: String, msg: String)","com.microsoft.crossdevicesdk.continuity.LogUtils.i"]},{"name":"fun provideContextResponse(uri: Uri, response: AppContextResponse, callback: IAppContextProviderResponse)","description":"com.microsoft.crossdevicesdk.continuity.AppContextResponseProvider.provideContextResponse","location":"continuity/com.microsoft.crossdevicesdk.continuity/-app-context-response-provider/provide-context-response.html","searchKeys":["provideContextResponse","fun provideContextResponse(uri: Uri, response: AppContextResponse, callback: IAppContextProviderResponse)","com.microsoft.crossdevicesdk.continuity.AppContextResponseProvider.provideContextResponse"]},{"name":"fun sendAppContext(context: Context, browserHistoryContext: BrowserHistoryContext)","description":"com.microsoft.crossdevicesdk.continuity.AppContextManager.sendAppContext","location":"continuity/com.microsoft.crossdevicesdk.continuity/-app-context-manager/send-app-context.html","searchKeys":["sendAppContext","fun sendAppContext(context: Context, browserHistoryContext: BrowserHistoryContext)","com.microsoft.crossdevicesdk.continuity.AppContextManager.sendAppContext"]},{"name":"fun setAppContextEventHandler(appContextEventHandler: IAppContextEventHandler)","description":"com.microsoft.crossdevicesdk.continuity.AppContextManager.setAppContextEventHandler","location":"continuity/com.microsoft.crossdevicesdk.continuity/-app-context-manager/set-app-context-event-handler.html","searchKeys":["setAppContextEventHandler","fun setAppContextEventHandler(appContextEventHandler: IAppContextEventHandler)","com.microsoft.crossdevicesdk.continuity.AppContextManager.setAppContextEventHandler"]},{"name":"fun setAppId(appId: String)","description":"com.microsoft.crossdevicesdk.continuity.AppContext.setAppId","location":"continuity/com.microsoft.crossdevicesdk.continuity/-app-context/set-app-id.html","searchKeys":["setAppId","fun setAppId(appId: String)","com.microsoft.crossdevicesdk.continuity.AppContext.setAppId"]},{"name":"fun setBrowserContextEmptyFlag(isEmpty: Boolean)","description":"com.microsoft.crossdevicesdk.continuity.AppContextResponse.setBrowserContextEmptyFlag","location":"continuity/com.microsoft.crossdevicesdk.continuity/-app-context-response/set-browser-context-empty-flag.html","searchKeys":["setBrowserContextEmptyFlag","fun setBrowserContextEmptyFlag(isEmpty: Boolean)","com.microsoft.crossdevicesdk.continuity.AppContextResponse.setBrowserContextEmptyFlag"]},{"name":"fun setBrowserContextEmptyFlag(isEmpty: Boolean)","description":"com.microsoft.crossdevicesdk.continuity.BrowserHistoryContext.setBrowserContextEmptyFlag","location":"continuity/com.microsoft.crossdevicesdk.continuity/-browser-history-context/set-browser-context-empty-flag.html","searchKeys":["setBrowserContextEmptyFlag","fun setBrowserContextEmptyFlag(isEmpty: Boolean)","com.microsoft.crossdevicesdk.continuity.BrowserHistoryContext.setBrowserContextEmptyFlag"]},{"name":"fun setContextId(contextId: String)","description":"com.microsoft.crossdevicesdk.continuity.AppContext.setContextId","location":"continuity/com.microsoft.crossdevicesdk.continuity/-app-context/set-context-id.html","searchKeys":["setContextId","fun setContextId(contextId: String)","com.microsoft.crossdevicesdk.continuity.AppContext.setContextId"]},{"name":"fun setCustomValue(key: String, value: Any?)","description":"com.microsoft.crossdevicesdk.continuity.AppContext.setCustomValue","location":"continuity/com.microsoft.crossdevicesdk.continuity/-app-context/set-custom-value.html","searchKeys":["setCustomValue","fun setCustomValue(key: String, value: Any?)","com.microsoft.crossdevicesdk.continuity.AppContext.setCustomValue"]},{"name":"fun setDebugMode(isDebugMode: Boolean): Boolean","description":"com.microsoft.crossdevicesdk.continuity.LogUtils.setDebugMode","location":"continuity/com.microsoft.crossdevicesdk.continuity/-log-utils/set-debug-mode.html","searchKeys":["setDebugMode","fun setDebugMode(isDebugMode: Boolean): Boolean","com.microsoft.crossdevicesdk.continuity.LogUtils.setDebugMode"]},{"name":"fun setDescription(description: String)","description":"com.microsoft.crossdevicesdk.continuity.AppContextResponse.setDescription","location":"continuity/com.microsoft.crossdevicesdk.continuity/-app-context-response/set-description.html","searchKeys":["setDescription","fun setDescription(description: String)","com.microsoft.crossdevicesdk.continuity.AppContextResponse.setDescription"]},{"name":"fun setExtras(extras: String)","description":"com.microsoft.crossdevicesdk.continuity.AppContext.setExtras","location":"continuity/com.microsoft.crossdevicesdk.continuity/-app-context/set-extras.html","searchKeys":["setExtras","fun setExtras(extras: String)","com.microsoft.crossdevicesdk.continuity.AppContext.setExtras"]},{"name":"fun setIntentUri(intentUri: String)","description":"com.microsoft.crossdevicesdk.continuity.AppContext.setIntentUri","location":"continuity/com.microsoft.crossdevicesdk.continuity/-app-context/set-intent-uri.html","searchKeys":["setIntentUri","fun setIntentUri(intentUri: String)","com.microsoft.crossdevicesdk.continuity.AppContext.setIntentUri"]},{"name":"fun setLifeTime(lifeTime: Long)","description":"com.microsoft.crossdevicesdk.continuity.AppContext.setLifeTime","location":"continuity/com.microsoft.crossdevicesdk.continuity/-app-context/set-life-time.html","searchKeys":["setLifeTime","fun setLifeTime(lifeTime: Long)","com.microsoft.crossdevicesdk.continuity.AppContext.setLifeTime"]},{"name":"fun setPackageName(packageName: String)","description":"com.microsoft.crossdevicesdk.continuity.AppContextResponse.setPackageName","location":"continuity/com.microsoft.crossdevicesdk.continuity/-app-context-response/set-package-name.html","searchKeys":["setPackageName","fun setPackageName(packageName: String)","com.microsoft.crossdevicesdk.continuity.AppContextResponse.setPackageName"]},{"name":"fun setPreview(preview: ByteArray)","description":"com.microsoft.crossdevicesdk.continuity.AppContext.setPreview","location":"continuity/com.microsoft.crossdevicesdk.continuity/-app-context/set-preview.html","searchKeys":["setPreview","fun setPreview(preview: ByteArray)","com.microsoft.crossdevicesdk.continuity.AppContext.setPreview"]},{"name":"fun setResponseContextType(contextType: Int)","description":"com.microsoft.crossdevicesdk.continuity.AppContextResponse.setResponseContextType","location":"continuity/com.microsoft.crossdevicesdk.continuity/-app-context-response/set-response-context-type.html","searchKeys":["setResponseContextType","fun setResponseContextType(contextType: Int)","com.microsoft.crossdevicesdk.continuity.AppContextResponse.setResponseContextType"]},{"name":"fun setTaskId(taskId: Long)","description":"com.microsoft.crossdevicesdk.continuity.AppContextResponse.setTaskId","location":"continuity/com.microsoft.crossdevicesdk.continuity/-app-context-response/set-task-id.html","searchKeys":["setTaskId","fun setTaskId(taskId: Long)","com.microsoft.crossdevicesdk.continuity.AppContextResponse.setTaskId"]},{"name":"fun setTeamId(teamId: String)","description":"com.microsoft.crossdevicesdk.continuity.AppContext.setTeamId","location":"continuity/com.microsoft.crossdevicesdk.continuity/-app-context/set-team-id.html","searchKeys":["setTeamId","fun setTeamId(teamId: String)","com.microsoft.crossdevicesdk.continuity.AppContext.setTeamId"]},{"name":"fun setTitle(title: String)","description":"com.microsoft.crossdevicesdk.continuity.AppContext.setTitle","location":"continuity/com.microsoft.crossdevicesdk.continuity/-app-context/set-title.html","searchKeys":["setTitle","fun setTitle(title: String)","com.microsoft.crossdevicesdk.continuity.AppContext.setTitle"]},{"name":"fun setVersion(version: Double)","description":"com.microsoft.crossdevicesdk.continuity.AppContext.setVersion","location":"continuity/com.microsoft.crossdevicesdk.continuity/-app-context/set-version.html","searchKeys":["setVersion","fun setVersion(version: Double)","com.microsoft.crossdevicesdk.continuity.AppContext.setVersion"]},{"name":"fun setWebLink(webLink: String)","description":"com.microsoft.crossdevicesdk.continuity.AppContext.setWebLink","location":"continuity/com.microsoft.crossdevicesdk.continuity/-app-context/set-web-link.html","searchKeys":["setWebLink","fun setWebLink(webLink: String)","com.microsoft.crossdevicesdk.continuity.AppContext.setWebLink"]},{"name":"fun setWebUri(uri: Uri)","description":"com.microsoft.crossdevicesdk.continuity.AppContextResponse.setWebUri","location":"continuity/com.microsoft.crossdevicesdk.continuity/-app-context-response/set-web-uri.html","searchKeys":["setWebUri","fun setWebUri(uri: Uri)","com.microsoft.crossdevicesdk.continuity.AppContextResponse.setWebUri"]},{"name":"fun setWindowsUri(uri: Uri)","description":"com.microsoft.crossdevicesdk.continuity.AppContextResponse.setWindowsUri","location":"continuity/com.microsoft.crossdevicesdk.continuity/-app-context-response/set-windows-uri.html","searchKeys":["setWindowsUri","fun setWindowsUri(uri: Uri)","com.microsoft.crossdevicesdk.continuity.AppContextResponse.setWindowsUri"]},{"name":"fun v(tag: String, msg: String)","description":"com.microsoft.crossdevicesdk.continuity.LogUtils.v","location":"continuity/com.microsoft.crossdevicesdk.continuity/-log-utils/v.html","searchKeys":["v","fun v(tag: String, msg: String)","com.microsoft.crossdevicesdk.continuity.LogUtils.v"]},{"name":"fun w(tag: String, msg: String)","description":"com.microsoft.crossdevicesdk.continuity.LogUtils.w","location":"continuity/com.microsoft.crossdevicesdk.continuity/-log-utils/w.html","searchKeys":["w","fun w(tag: String, msg: String)","com.microsoft.crossdevicesdk.continuity.LogUtils.w"]},{"name":"fun w(tag: String, msg: String, throwable: Throwable)","description":"com.microsoft.crossdevicesdk.continuity.LogUtils.w","location":"continuity/com.microsoft.crossdevicesdk.continuity/-log-utils/w.html","searchKeys":["w","fun w(tag: String, msg: String, throwable: Throwable)","com.microsoft.crossdevicesdk.continuity.LogUtils.w"]},{"name":"interface IAppContextEventHandler","description":"com.microsoft.crossdevicesdk.continuity.IAppContextEventHandler","location":"continuity/com.microsoft.crossdevicesdk.continuity/-i-app-context-event-handler/index.html","searchKeys":["IAppContextEventHandler","interface IAppContextEventHandler","com.microsoft.crossdevicesdk.continuity.IAppContextEventHandler"]},{"name":"interface IAppContextProviderResponse","description":"com.microsoft.crossdevicesdk.continuity.IAppContextProviderResponse","location":"continuity/com.microsoft.crossdevicesdk.continuity/-i-app-context-provider-response/index.html","searchKeys":["IAppContextProviderResponse","interface IAppContextProviderResponse","com.microsoft.crossdevicesdk.continuity.IAppContextProviderResponse"]},{"name":"object AppContextManager : IAppContextManager","description":"com.microsoft.crossdevicesdk.continuity.AppContextManager","location":"continuity/com.microsoft.crossdevicesdk.continuity/-app-context-manager/index.html","searchKeys":["AppContextManager","object AppContextManager : IAppContextManager","com.microsoft.crossdevicesdk.continuity.AppContextManager"]},{"name":"object Companion","description":"com.microsoft.crossdevicesdk.continuity.AppContextBroadcastReceiver.Companion","location":"continuity/com.microsoft.crossdevicesdk.continuity/-app-context-broadcast-receiver/-companion/index.html","searchKeys":["Companion","object Companion","com.microsoft.crossdevicesdk.continuity.AppContextBroadcastReceiver.Companion"]},{"name":"object Companion","description":"com.microsoft.crossdevicesdk.continuity.AppContextRequest.Companion","location":"continuity/com.microsoft.crossdevicesdk.continuity/-app-context-request/-companion/index.html","searchKeys":["Companion","object Companion","com.microsoft.crossdevicesdk.continuity.AppContextRequest.Companion"]},{"name":"object Companion","description":"com.microsoft.crossdevicesdk.continuity.AppContextRequestBroadcastReceiverBase.Companion","location":"continuity/com.microsoft.crossdevicesdk.continuity/-app-context-request-broadcast-receiver-base/-companion/index.html","searchKeys":["Companion","object Companion","com.microsoft.crossdevicesdk.continuity.AppContextRequestBroadcastReceiverBase.Companion"]},{"name":"object Companion","description":"com.microsoft.crossdevicesdk.continuity.AppContextResponse.Companion","location":"continuity/com.microsoft.crossdevicesdk.continuity/-app-context-response/-companion/index.html","searchKeys":["Companion","object Companion","com.microsoft.crossdevicesdk.continuity.AppContextResponse.Companion"]},{"name":"object Companion","description":"com.microsoft.crossdevicesdk.continuity.AppContextResponseProvider.Companion","location":"continuity/com.microsoft.crossdevicesdk.continuity/-app-context-response-provider/-companion/index.html","searchKeys":["Companion","object Companion","com.microsoft.crossdevicesdk.continuity.AppContextResponseProvider.Companion"]},{"name":"object Companion","description":"com.microsoft.crossdevicesdk.continuity.BrowserHistoryContext.Companion","location":"continuity/com.microsoft.crossdevicesdk.continuity/-browser-history-context/-companion/index.html","searchKeys":["Companion","object Companion","com.microsoft.crossdevicesdk.continuity.BrowserHistoryContext.Companion"]},{"name":"object LogUtils","description":"com.microsoft.crossdevicesdk.continuity.LogUtils","location":"continuity/com.microsoft.crossdevicesdk.continuity/-log-utils/index.html","searchKeys":["LogUtils","object LogUtils","com.microsoft.crossdevicesdk.continuity.LogUtils"]},{"name":"object ProtocolConstants","description":"com.microsoft.crossdevicesdk.continuity.ProtocolConstants","location":"continuity/com.microsoft.crossdevicesdk.continuity/-protocol-constants/index.html","searchKeys":["ProtocolConstants","object ProtocolConstants","com.microsoft.crossdevicesdk.continuity.ProtocolConstants"]},{"name":"open override fun onReceive(context: Context, intent: Intent)","description":"com.microsoft.crossdevicesdk.continuity.AppContextBroadcastReceiver.onReceive","location":"continuity/com.microsoft.crossdevicesdk.continuity/-app-context-broadcast-receiver/on-receive.html","searchKeys":["onReceive","open override fun onReceive(context: Context, intent: Intent)","com.microsoft.crossdevicesdk.continuity.AppContextBroadcastReceiver.onReceive"]},{"name":"open override fun onReceive(context: Context, intent: Intent)","description":"com.microsoft.crossdevicesdk.continuity.AppContextRequestBroadcastReceiverBase.onReceive","location":"continuity/com.microsoft.crossdevicesdk.continuity/-app-context-request-broadcast-receiver-base/on-receive.html","searchKeys":["onReceive","open override fun onReceive(context: Context, intent: Intent)","com.microsoft.crossdevicesdk.continuity.AppContextRequestBroadcastReceiverBase.onReceive"]},{"name":"open override fun sendAppContext(context: Context, appContext: AppContext?)","description":"com.microsoft.crossdevicesdk.continuity.AppContextManager.sendAppContext","location":"continuity/com.microsoft.crossdevicesdk.continuity/-app-context-manager/send-app-context.html","searchKeys":["sendAppContext","open override fun sendAppContext(context: Context, appContext: AppContext?)","com.microsoft.crossdevicesdk.continuity.AppContextManager.sendAppContext"]},{"name":"open override fun toString(): String","description":"com.microsoft.crossdevicesdk.continuity.AppContextRequest.toString","location":"continuity/com.microsoft.crossdevicesdk.continuity/-app-context-request/to-string.html","searchKeys":["toString","open override fun toString(): String","com.microsoft.crossdevicesdk.continuity.AppContextRequest.toString"]},{"name":"val contentProviderUri: Uri","description":"com.microsoft.crossdevicesdk.continuity.AppContextRequest.contentProviderUri","location":"continuity/com.microsoft.crossdevicesdk.continuity/-app-context-request/content-provider-uri.html","searchKeys":["contentProviderUri","val contentProviderUri: Uri","com.microsoft.crossdevicesdk.continuity.AppContextRequest.contentProviderUri"]},{"name":"val contentValues: ContentValues","description":"com.microsoft.crossdevicesdk.continuity.AppContext.contentValues","location":"continuity/com.microsoft.crossdevicesdk.continuity/-app-context/content-values.html","searchKeys":["contentValues","val contentValues: ContentValues","com.microsoft.crossdevicesdk.continuity.AppContext.contentValues"]},{"name":"val contentValues: ContentValues","description":"com.microsoft.crossdevicesdk.continuity.AppContextResponse.contentValues","location":"continuity/com.microsoft.crossdevicesdk.continuity/-app-context-response/content-values.html","searchKeys":["contentValues","val contentValues: ContentValues","com.microsoft.crossdevicesdk.continuity.AppContextResponse.contentValues"]},{"name":"val requestedContextType: Int","description":"com.microsoft.crossdevicesdk.continuity.AppContextRequest.requestedContextType","location":"continuity/com.microsoft.crossdevicesdk.continuity/-app-context-request/requested-context-type.html","searchKeys":["requestedContextType","val requestedContextType: Int","com.microsoft.crossdevicesdk.continuity.AppContextRequest.requestedContextType"]},{"name":"val uriTypesRequested: Int","description":"com.microsoft.crossdevicesdk.continuity.AppContextRequest.uriTypesRequested","location":"continuity/com.microsoft.crossdevicesdk.continuity/-app-context-request/uri-types-requested.html","searchKeys":["uriTypesRequested","val uriTypesRequested: Int","com.microsoft.crossdevicesdk.continuity.AppContextRequest.uriTypesRequested"]},{"name":"val version: Double","description":"com.microsoft.crossdevicesdk.continuity.AppContextRequest.version","location":"continuity/com.microsoft.crossdevicesdk.continuity/-app-context-request/version.html","searchKeys":["version","val version: Double","com.microsoft.crossdevicesdk.continuity.AppContextRequest.version"]},{"name":"var createTime: Long","description":"com.microsoft.crossdevicesdk.continuity.AppContext.createTime","location":"continuity/com.microsoft.crossdevicesdk.continuity/-app-context/create-time.html","searchKeys":["createTime","var createTime: Long","com.microsoft.crossdevicesdk.continuity.AppContext.createTime"]},{"name":"var lastUpdatedTime: Long","description":"com.microsoft.crossdevicesdk.continuity.AppContext.lastUpdatedTime","location":"continuity/com.microsoft.crossdevicesdk.continuity/-app-context/last-updated-time.html","searchKeys":["lastUpdatedTime","var lastUpdatedTime: Long","com.microsoft.crossdevicesdk.continuity.AppContext.lastUpdatedTime"]},{"name":"var type: Int","description":"com.microsoft.crossdevicesdk.continuity.AppContext.type","location":"continuity/com.microsoft.crossdevicesdk.continuity/-app-context/type.html","searchKeys":["type","var type: Int","com.microsoft.crossdevicesdk.continuity.AppContext.type"]},{"name":"var type: Int","description":"com.microsoft.crossdevicesdk.continuity.ContextRequestInfo.type","location":"continuity/com.microsoft.crossdevicesdk.continuity/-context-request-info/type.html","searchKeys":["type","var type: Int","com.microsoft.crossdevicesdk.continuity.ContextRequestInfo.type"]}]